"date","close"
"2010-06-29",4.778000
"2010-06-30",4.766000
"2010-07-01",4.392000
"2010-07-02",3.840000
"2010-07-06",3.222000
"2010-07-07",3.160000
"2010-07-08",3.492000
"2010-07-09",3.480000
"2010-07-12",3.410000
"2010-07-13",3.628000
"2010-07-14",3.968000
"2010-07-15",3.978000
"2010-07-16",4.128000
"2010-07-19",4.382000
"2010-07-20",4.060000
"2010-07-21",4.044000
"2010-07-22",4.200000
"2010-07-23",4.258000
"2010-07-26",4.190000
"2010-07-27",4.110000
"2010-07-28",4.144000
"2010-07-29",4.070000
"2010-07-30",3.988000
"2010-08-02",4.184000
"2010-08-03",4.390000
"2010-08-04",4.252000
"2010-08-05",4.090000
"2010-08-06",3.918000
"2010-08-09",3.920000
"2010-08-10",3.806000
"2010-08-11",3.580000
"2010-08-12",3.520000
"2010-08-13",3.664000
"2010-08-16",3.756000
"2010-08-17",3.830000
"2010-08-18",3.754000
"2010-08-19",3.758000
"2010-08-20",3.820000
"2010-08-23",4.026000
"2010-08-24",3.840000
"2010-08-25",3.980000
"2010-08-26",3.950000
"2010-08-27",3.940000
"2010-08-30",3.974000
"2010-08-31",3.896000
"2010-09-01",4.090000
"2010-09-02",4.212000
"2010-09-03",4.210000
"2010-09-07",4.108000
"2010-09-08",4.180000
"2010-09-09",4.142000
"2010-09-10",4.034000
"2010-09-13",4.144000
"2010-09-14",4.224000
"2010-09-15",4.396000
"2010-09-16",4.188000
"2010-09-17",4.046000
"2010-09-20",4.212000
"2010-09-21",4.154000
"2010-09-22",3.974000
"2010-09-23",3.912000
"2010-09-24",4.020000
"2010-09-27",4.106000
"2010-09-28",4.280000
"2010-09-29",4.396000
"2010-09-30",4.082000
"2010-10-01",4.120000
"2010-10-04",4.198000
"2010-10-05",4.224000
"2010-10-06",4.092000
"2010-10-07",4.086000
"2010-10-08",4.086000
"2010-10-11",4.048000
"2010-10-12",4.048000
"2010-10-13",4.108000
"2010-10-14",4.150000
"2010-10-15",4.108000
"2010-10-18",4.046000
"2010-10-19",4.010000
"2010-10-20",4.130000
"2010-10-21",4.150000
"2010-10-22",4.144000
"2010-10-25",4.170000
"2010-10-26",4.272000
"2010-10-27",4.200000
"2010-10-28",4.238000
"2010-10-29",4.368000
"2010-11-01",4.282000
"2010-11-02",4.250000
"2010-11-03",4.354000
"2010-11-04",4.980000
"2010-11-05",4.888000
"2010-11-08",4.996000
"2010-11-09",4.926000
"2010-11-10",5.872000
"2010-11-11",5.608000
"2010-11-12",5.968000
"2010-11-15",6.160000
"2010-11-16",5.934000
"2010-11-17",5.898000
"2010-11-18",5.978000
"2010-11-19",6.198000
"2010-11-22",6.680000
"2010-11-23",6.914000
"2010-11-24",7.094000
"2010-11-26",7.064000
"2010-11-29",6.866000
"2010-11-30",7.066000
"2010-12-01",6.870000
"2010-12-02",6.470000
"2010-12-03",6.298000
"2010-12-06",6.062000
"2010-12-07",6.312000
"2010-12-08",6.474000
"2010-12-09",6.410000
"2010-12-10",6.304000
"2010-12-13",6.110000
"2010-12-14",5.706000
"2010-12-15",5.920000
"2010-12-16",6.162000
"2010-12-17",6.272000
"2010-12-20",6.340000
"2010-12-21",6.452000
"2010-12-22",6.526000
"2010-12-23",6.018000
"2010-12-27",5.110000
"2010-12-28",5.282000
"2010-12-29",5.546000
"2010-12-30",5.300000
"2010-12-31",5.326000
"2011-01-03",5.324000
"2011-01-04",5.334000
"2011-01-05",5.366000
"2011-01-06",5.576000
"2011-01-07",5.648000
"2011-01-10",5.690000
"2011-01-11",5.392000
"2011-01-12",5.392000
"2011-01-13",5.244000
"2011-01-14",5.150000
"2011-01-18",5.128000
"2011-01-19",4.806000
"2011-01-20",4.524000
"2011-01-21",4.608000
"2011-01-24",4.898000
"2011-01-25",4.936000
"2011-01-26",4.950000
"2011-01-27",4.984000
"2011-01-28",4.802000
"2011-01-31",4.820000
"2011-02-01",4.782000
"2011-02-02",4.788000
"2011-02-03",4.726000
"2011-02-04",4.692000
"2011-02-07",4.614000
"2011-02-08",4.898000
"2011-02-09",4.642000
"2011-02-10",4.644000
"2011-02-11",4.650000
"2011-02-14",4.616000
"2011-02-15",4.568000
"2011-02-16",4.946000
"2011-02-17",4.720000
"2011-02-18",4.636000
"2011-02-22",4.374000
"2011-02-23",4.366000
"2011-02-24",4.506000
"2011-02-25",4.722000
"2011-02-28",4.778000
"2011-03-01",4.788000
"2011-03-02",4.804000
"2011-03-03",4.872000
"2011-03-04",4.990000
"2011-03-07",4.988000
"2011-03-08",4.932000
"2011-03-09",4.944000
"2011-03-10",4.802000
"2011-03-11",4.814000
"2011-03-14",4.650000
"2011-03-15",4.590000
"2011-03-16",4.564000
"2011-03-17",4.562000
"2011-03-18",4.592000
"2011-03-21",4.546000
"2011-03-22",4.438000
"2011-03-23",4.442000
"2011-03-24",4.466000
"2011-03-25",4.550000
"2011-03-28",4.650000
"2011-03-29",4.784000
"2011-03-30",4.742000
"2011-03-31",5.550000
"2011-04-01",5.332000
"2011-04-04",5.166000
"2011-04-05",5.340000
"2011-04-06",5.298000
"2011-04-07",5.448000
"2011-04-08",5.298000
"2011-04-11",5.054000
"2011-04-12",4.930000
"2011-04-13",4.986000
"2011-04-14",5.028000
"2011-04-15",5.116000
"2011-04-18",5.006000
"2011-04-19",5.032000
"2011-04-20",5.150000
"2011-04-21",5.348000
"2011-04-25",5.278000
"2011-04-26",5.386000
"2011-04-27",5.416000
"2011-04-28",5.532000
"2011-04-29",5.520000
"2011-05-02",5.490000
"2011-05-03",5.374000
"2011-05-04",5.338000
"2011-05-05",5.288000
"2011-05-06",5.424000
"2011-05-09",5.582000
"2011-05-10",5.666000
"2011-05-11",5.414000
"2011-05-12",5.534000
"2011-05-13",5.510000
"2011-05-16",5.320000
"2011-05-17",5.192000
"2011-05-18",5.270000
"2011-05-19",5.640000
"2011-05-20",5.594000
"2011-05-23",5.364000
"2011-05-24",5.344000
"2011-05-25",5.796000
"2011-05-26",5.896000
"2011-05-27",5.910000
"2011-05-31",6.028000
"2011-06-01",5.704000
"2011-06-02",5.752000
"2011-06-03",6.026000
"2011-06-06",5.740000
"2011-06-07",5.674000
"2011-06-08",5.424000
"2011-06-09",5.524000
"2011-06-10",5.572000
"2011-06-13",5.686000
"2011-06-14",5.720000
"2011-06-15",5.464000
"2011-06-16",5.300000
"2011-06-17",5.300000
"2011-06-20",5.202000
"2011-06-21",5.506000
"2011-06-22",5.442000
"2011-06-23",5.542000
"2011-06-24",5.514000
"2011-06-27",5.492000
"2011-06-28",5.622000
"2011-06-29",5.658000
"2011-06-30",5.826000
"2011-07-01",5.804000
"2011-07-05",5.828000
"2011-07-06",5.792000
"2011-07-07",5.946000
"2011-07-08",5.762000
"2011-07-11",5.670000
"2011-07-12",5.634000
"2011-07-13",5.728000
"2011-07-14",5.522000
"2011-07-15",5.516000
"2011-07-18",5.446000
"2011-07-19",5.578000
"2011-07-20",5.738000
"2011-07-21",5.740000
"2011-07-22",5.858000
"2011-07-25",5.698000
"2011-07-26",5.600000
"2011-07-27",5.528000
"2011-07-28",5.634000
"2011-07-29",5.634000
"2011-08-01",5.754000
"2011-08-02",5.468000
"2011-08-03",5.440000
"2011-08-04",4.950000
"2011-08-05",4.848000
"2011-08-08",4.728000
"2011-08-09",5.012000
"2011-08-10",4.764000
"2011-08-11",5.060000
"2011-08-12",5.262000
"2011-08-15",5.246000
"2011-08-16",5.220000
"2011-08-17",5.166000
"2011-08-18",4.852000
"2011-08-19",4.460000
"2011-08-22",4.390000
"2011-08-23",4.592000
"2011-08-24",4.774000
"2011-08-25",4.622000
"2011-08-26",4.746000
"2011-08-29",4.942000
"2011-08-30",4.926000
"2011-08-31",4.948000
"2011-09-01",4.800000
"2011-09-02",4.614000
"2011-09-06",4.588000
"2011-09-07",4.768000
"2011-09-08",4.722000
"2011-09-09",4.594000
"2011-09-12",4.576000
"2011-09-13",4.816000
"2011-09-14",4.868000
"2011-09-15",4.964000
"2011-09-16",5.160000
"2011-09-19",5.154000
"2011-09-20",5.202000
"2011-09-21",5.170000
"2011-09-22",5.126000
"2011-09-23",5.276000
"2011-09-26",5.104000
"2011-09-27",5.238000
"2011-09-28",4.918000
"2011-09-29",4.824000
"2011-09-30",4.878000
"2011-10-03",4.746000
"2011-10-04",4.732000
"2011-10-05",5.074000
"2011-10-06",5.392000
"2011-10-07",5.398000
"2011-10-10",5.576000
"2011-10-11",5.522000
"2011-10-12",5.560000
"2011-10-13",5.588000
"2011-10-14",5.610000
"2011-10-17",5.484000
"2011-10-18",5.668000
"2011-10-19",5.514000
"2011-10-20",5.468000
"2011-10-21",5.606000
"2011-10-24",5.710000
"2011-10-25",5.650000
"2011-10-26",5.596000
"2011-10-27",5.752000
"2011-10-28",5.974000
"2011-10-31",5.874000
"2011-11-01",5.776000
"2011-11-02",5.742000
"2011-11-03",6.492000
"2011-11-04",6.462000
"2011-11-07",6.254000
"2011-11-08",6.368000
"2011-11-09",6.176000
"2011-11-10",6.266000
"2011-11-11",6.728000
"2011-11-14",6.644000
"2011-11-15",6.786000
"2011-11-16",6.988000
"2011-11-17",6.736000
"2011-11-18",6.520000
"2011-11-21",6.352000
"2011-11-22",6.414000
"2011-11-23",6.290000
"2011-11-25",6.332000
"2011-11-28",6.512000
"2011-11-29",6.350000
"2011-11-30",6.548000
"2011-12-01",6.520000
"2011-12-02",6.660000
"2011-12-05",6.884000
"2011-12-06",6.974000
"2011-12-07",6.838000
"2011-12-08",6.178000
"2011-12-09",6.208000
"2011-12-12",6.082000
"2011-12-13",5.890000
"2011-12-14",5.706000
"2011-12-15",5.724000
"2011-12-16",5.600000
"2011-12-19",5.550000
"2011-12-20",5.580000
"2011-12-21",5.514000
"2011-12-22",5.554000
"2011-12-23",5.580000
"2011-12-27",5.714000
"2011-12-28",5.702000
"2011-12-29",5.746000
"2011-12-30",5.712000
"2012-01-03",5.616000
"2012-01-04",5.542000
"2012-01-05",5.424000
"2012-01-06",5.382000
"2012-01-09",5.450000
"2012-01-10",5.524000
"2012-01-11",5.646000
"2012-01-12",5.650000
"2012-01-13",4.558000
"2012-01-17",5.320000
"2012-01-18",5.362000
"2012-01-19",5.352000
"2012-01-20",5.320000
"2012-01-23",5.354000
"2012-01-24",5.484000
"2012-01-25",5.594000
"2012-01-26",5.788000
"2012-01-27",5.866000
"2012-01-30",5.914000
"2012-01-31",5.814000
"2012-02-01",5.916000
"2012-02-02",6.050000
"2012-02-03",6.230000
"2012-02-06",6.360000
"2012-02-07",6.320000
"2012-02-08",6.386000
"2012-02-09",6.516000
"2012-02-10",6.220000
"2012-02-13",6.298000
"2012-02-14",6.634000
"2012-02-15",6.720000
"2012-02-16",6.836000
"2012-02-17",6.994000
"2012-02-21",6.900000
"2012-02-22",6.844000
"2012-02-23",6.906000
"2012-02-24",6.750000
"2012-02-27",6.724000
"2012-02-28",6.762000
"2012-02-29",6.682000
"2012-03-01",6.882000
"2012-03-02",6.808000
"2012-03-05",6.754000
"2012-03-06",6.622000
"2012-03-07",6.624000
"2012-03-08",6.614000
"2012-03-09",6.948000
"2012-03-12",7.202000
"2012-03-13",7.218000
"2012-03-14",7.058000
"2012-03-15",7.000000
"2012-03-16",7.064000
"2012-03-19",6.996000
"2012-03-20",6.992000
"2012-03-21",7.030000
"2012-03-22",6.880000
"2012-03-23",6.816000
"2012-03-26",7.480000
"2012-03-27",7.588000
"2012-03-28",7.570000
"2012-03-29",7.466000
"2012-03-30",7.448000
"2012-04-02",7.316000
"2012-04-03",7.602000
"2012-04-04",7.000000
"2012-04-05",6.896000
"2012-04-09",6.630000
"2012-04-10",6.492000
"2012-04-11",6.618000
"2012-04-12",6.688000
"2012-04-13",6.718000
"2012-04-16",6.450000
"2012-04-17",6.448000
"2012-04-18",6.532000
"2012-04-19",6.632000
"2012-04-20",6.632000
"2012-04-23",6.388000
"2012-04-24",6.364000
"2012-04-25",6.582000
"2012-04-26",6.698000
"2012-04-27",6.668000
"2012-04-30",6.626000
"2012-05-01",6.756000
"2012-05-02",6.788000
"2012-05-03",6.492000
"2012-05-04",6.366000
"2012-05-07",6.494000
"2012-05-08",6.038000
"2012-05-09",6.012000
"2012-05-10",6.592000
"2012-05-11",6.450000
"2012-05-14",6.012000
"2012-05-15",5.886000
"2012-05-16",5.836000
"2012-05-17",5.714000
"2012-05-18",5.512000
"2012-05-21",5.754000
"2012-05-22",6.160000
"2012-05-23",6.204000
"2012-05-24",6.056000
"2012-05-25",5.962000
"2012-05-29",6.338000
"2012-05-30",6.082000
"2012-05-31",5.900000
"2012-06-01",5.630000
"2012-06-04",5.576000
"2012-06-05",5.582000
"2012-06-06",5.844000
"2012-06-07",5.786000
"2012-06-08",6.016000
"2012-06-11",5.824000
"2012-06-12",5.932000
"2012-06-13",5.954000
"2012-06-14",5.878000
"2012-06-15",5.982000
"2012-06-18",6.368000
"2012-06-19",6.418000
"2012-06-20",6.756000
"2012-06-21",6.438000
"2012-06-22",6.758000
"2012-06-25",6.622000
"2012-06-26",6.322000
"2012-06-27",6.392000
"2012-06-28",6.282000
"2012-06-29",6.258000
"2012-07-02",6.080000
"2012-07-03",6.132000
"2012-07-05",6.246000
"2012-07-06",6.198000
"2012-07-09",6.298000
"2012-07-10",6.254000
"2012-07-11",6.302000
"2012-07-12",6.540000
"2012-07-13",6.850000
"2012-07-16",7.192000
"2012-07-17",6.670000
"2012-07-18",6.430000
"2012-07-19",6.454000
"2012-07-20",6.358000
"2012-07-23",6.132000
"2012-07-24",5.968000
"2012-07-25",5.790000
"2012-07-26",5.626000
"2012-07-27",5.902000
"2012-07-30",5.470000
"2012-07-31",5.484000
"2012-08-01",5.250000
"2012-08-02",5.220000
"2012-08-03",5.454000
"2012-08-06",5.654000
"2012-08-07",6.050000
"2012-08-08",5.818000
"2012-08-09",5.882000
"2012-08-10",5.988000
"2012-08-13",6.234000
"2012-08-14",5.884000
"2012-08-15",5.880000
"2012-08-16",6.060000
"2012-08-17",6.002000
"2012-08-20",5.902000
"2012-08-21",5.822000
"2012-08-22",5.990000
"2012-08-23",6.146000
"2012-08-24",5.900000
"2012-08-27",5.664000
"2012-08-28",5.738000
"2012-08-29",5.682000
"2012-08-30",5.682000
"2012-08-31",5.704000
"2012-09-04",5.628000
"2012-09-05",5.588000
"2012-09-06",5.710000
"2012-09-07",5.870000
"2012-09-10",5.474000
"2012-09-11",5.560000
"2012-09-12",5.656000
"2012-09-13",5.896000
"2012-09-14",6.078000
"2012-09-17",6.508000
"2012-09-18",6.268000
"2012-09-19",6.210000
"2012-09-20",6.180000
"2012-09-21",6.004000
"2012-09-24",6.132000
"2012-09-25",5.532000
"2012-09-26",5.508000
"2012-09-27",5.698000
"2012-09-28",5.856000
"2012-10-01",5.832000
"2012-10-02",5.960000
"2012-10-03",5.860000
"2012-10-04",5.880000
"2012-10-05",5.778000
"2012-10-08",5.850000
"2012-10-09",5.674000
"2012-10-10",5.680000
"2012-10-11",5.664000
"2012-10-12",5.528000
"2012-10-15",5.466000
"2012-10-16",5.612000
"2012-10-17",5.764000
"2012-10-18",5.608000
"2012-10-19",5.548000
"2012-10-22",5.570000
"2012-10-23",5.678000
"2012-10-24",5.484000
"2012-10-25",5.504000
"2012-10-26",5.476000
"2012-10-31",5.626000
"2012-11-01",5.850000
"2012-11-02",5.784000
"2012-11-05",6.300000
"2012-11-06",6.230000
"2012-11-07",6.308000
"2012-11-08",6.262000
"2012-11-09",6.064000
"2012-11-12",6.214000
"2012-11-13",6.322000
"2012-11-14",6.276000
"2012-11-15",6.164000
"2012-11-16",6.368000
"2012-11-19",6.584000
"2012-11-20",6.600000
"2012-11-21",6.494000
"2012-11-23",6.426000
"2012-11-26",6.454000
"2012-11-27",6.430000
"2012-11-28",6.646000
"2012-11-29",6.738000
"2012-11-30",6.764000
"2012-12-03",6.924000
"2012-12-04",6.780000
"2012-12-05",6.742000
"2012-12-06",6.780000
"2012-12-07",6.834000
"2012-12-10",6.914000
"2012-12-11",7.056000
"2012-12-12",7.052000
"2012-12-13",6.722000
"2012-12-14",6.762000
"2012-12-17",6.880000
"2012-12-18",6.918000
"2012-12-19",6.922000
"2012-12-20",6.886000
"2012-12-21",6.800000
"2012-12-24",6.856000
"2012-12-26",6.718000
"2012-12-27",6.738000
"2012-12-28",6.644000
"2012-12-31",6.774000
"2013-01-02",7.072000
"2013-01-03",6.954000
"2013-01-04",6.880000
"2013-01-07",6.868000
"2013-01-08",6.736000
"2013-01-09",6.728000
"2013-01-10",6.706000
"2013-01-11",6.582000
"2013-01-14",6.652000
"2013-01-15",6.780000
"2013-01-16",6.820000
"2013-01-17",6.876000
"2013-01-18",6.904000
"2013-01-22",7.038000
"2013-01-23",7.200000
"2013-01-24",7.398000
"2013-01-25",7.396000
"2013-01-28",7.606000
"2013-01-29",7.590000
"2013-01-30",7.504000
"2013-01-31",7.502000
"2013-02-01",7.660000
"2013-02-04",7.548000
"2013-02-05",7.626000
"2013-02-06",7.834000
"2013-02-07",7.896000
"2013-02-08",7.848000
"2013-02-11",7.684000
"2013-02-12",7.578000
"2013-02-13",7.690000
"2013-02-14",7.654000
"2013-02-15",7.408000
"2013-02-19",7.856000
"2013-02-20",7.708000
"2013-02-21",7.032000
"2013-02-22",7.222000
"2013-02-25",6.876000
"2013-02-26",6.886000
"2013-02-27",7.020000
"2013-02-28",6.966000
"2013-03-01",6.930000
"2013-03-04",7.116000
"2013-03-05",7.330000
"2013-03-06",7.538000
"2013-03-07",7.646000
"2013-03-08",7.694000
"2013-03-11",7.820000
"2013-03-12",7.824000
"2013-03-13",7.796000
"2013-03-14",7.370000
"2013-03-15",7.058000
"2013-03-18",7.030000
"2013-03-19",7.016000
"2013-03-20",7.190000
"2013-03-21",7.202000
"2013-03-22",7.324000
"2013-03-25",7.506000
"2013-03-26",7.572000
"2013-03-27",7.632000
"2013-03-28",7.578000
"2013-04-01",8.786000
"2013-04-02",8.868000
"2013-04-03",8.220000
"2013-04-04",8.402000
"2013-04-05",8.274000
"2013-04-08",8.366000
"2013-04-09",8.100000
"2013-04-10",8.372000
"2013-04-11",8.718000
"2013-04-12",8.750000
"2013-04-15",8.660000
"2013-04-16",9.118000
"2013-04-17",9.090000
"2013-04-18",9.394000
"2013-04-19",9.566000
"2013-04-22",10.038000
"2013-04-23",10.202000
"2013-04-24",10.086000
"2013-04-25",10.400000
"2013-04-26",10.240000
"2013-04-29",10.988000
"2013-04-30",10.798000
"2013-05-01",10.656000
"2013-05-02",10.822000
"2013-05-03",10.910000
"2013-05-06",11.900000
"2013-05-07",11.102000
"2013-05-08",11.158000
"2013-05-09",13.880000
"2013-05-10",15.352000
"2013-05-13",17.559999
"2013-05-14",16.648001
"2013-05-15",16.968000
"2013-05-16",18.450001
"2013-05-17",18.299999
"2013-05-20",17.988001
"2013-05-21",17.518000
"2013-05-22",17.448000
"2013-05-23",18.546000
"2013-05-24",19.416000
"2013-05-28",22.066000
"2013-05-29",20.926001
"2013-05-30",20.990000
"2013-05-31",19.552000
"2013-06-03",18.518000
"2013-06-04",18.968000
"2013-06-05",19.073999
"2013-06-06",19.469999
"2013-06-07",20.408001
"2013-06-10",20.010000
"2013-06-11",18.893999
"2013-06-12",19.546000
"2013-06-13",19.636000
"2013-06-14",20.059999
"2013-06-17",20.440001
"2013-06-18",20.677999
"2013-06-19",20.936001
"2013-06-20",20.129999
"2013-06-21",19.910000
"2013-06-24",20.298000
"2013-06-25",20.480000
"2013-06-26",21.143999
"2013-06-27",21.850000
"2013-06-28",21.472000
"2013-07-01",23.436001
"2013-07-02",23.563999
"2013-07-03",23.048000
"2013-07-05",24.018000
"2013-07-08",24.322001
"2013-07-09",24.690001
"2013-07-10",24.454000
"2013-07-11",25.122000
"2013-07-12",25.980000
"2013-07-15",25.452000
"2013-07-16",21.809999
"2013-07-17",24.049999
"2013-07-18",23.806000
"2013-07-19",23.936001
"2013-07-22",24.486000
"2013-07-23",24.548000
"2013-07-24",24.340000
"2013-07-25",24.813999
"2013-07-26",25.878000
"2013-07-29",26.924000
"2013-07-30",26.348000
"2013-07-31",26.856001
"2013-08-01",27.110001
"2013-08-02",27.600000
"2013-08-05",28.936001
"2013-08-06",28.430000
"2013-08-07",26.846001
"2013-08-08",30.695999
"2013-08-09",30.600000
"2013-08-12",29.476000
"2013-08-13",29.086000
"2013-08-14",27.872000
"2013-08-15",27.934000
"2013-08-16",28.400000
"2013-08-19",28.980000
"2013-08-20",29.916000
"2013-08-21",29.572001
"2013-08-22",31.420000
"2013-08-23",32.368000
"2013-08-26",32.844002
"2013-08-27",33.402000
"2013-08-28",33.290001
"2013-08-29",33.212002
"2013-08-30",33.799999
"2013-09-03",33.787998
"2013-09-04",34.124001
"2013-09-05",33.986000
"2013-09-06",33.394001
"2013-09-09",32.139999
"2013-09-10",33.273998
"2013-09-11",32.703999
"2013-09-12",32.986000
"2013-09-13",33.108002
"2013-09-16",33.316002
"2013-09-17",33.245998
"2013-09-18",33.243999
"2013-09-19",35.584000
"2013-09-20",36.678001
"2013-09-23",36.222000
"2013-09-24",36.466000
"2013-09-25",37.048000
"2013-09-26",37.728001
"2013-09-27",38.180000
"2013-09-30",38.674000
"2013-10-01",38.599998
"2013-10-02",36.189999
"2013-10-03",34.661999
"2013-10-04",36.195999
"2013-10-07",36.613998
"2013-10-08",34.945999
"2013-10-09",33.756001
"2013-10-10",34.585999
"2013-10-11",35.740002
"2013-10-14",35.944000
"2013-10-15",36.787998
"2013-10-16",36.712002
"2013-10-17",36.560001
"2013-10-18",36.680000
"2013-10-21",34.520000
"2013-10-22",34.307999
"2013-10-23",32.900002
"2013-10-24",34.630001
"2013-10-25",33.931999
"2013-10-28",32.571999
"2013-10-29",32.894001
"2013-10-30",31.844000
"2013-10-31",31.988001
"2013-11-01",32.433998
"2013-11-04",35.040001
"2013-11-05",35.362000
"2013-11-06",30.232000
"2013-11-07",27.954000
"2013-11-08",27.590000
"2013-11-11",28.940001
"2013-11-12",27.559999
"2013-11-13",27.740000
"2013-11-14",27.520000
"2013-11-15",27.090000
"2013-11-18",24.316000
"2013-11-19",25.218000
"2013-11-20",24.222000
"2013-11-21",24.420000
"2013-11-22",24.275999
"2013-11-25",24.167999
"2013-11-26",24.100000
"2013-11-27",25.388000
"2013-11-29",25.455999
"2013-12-02",24.834000
"2013-12-03",28.940001
"2013-12-04",27.790001
"2013-12-05",28.096001
"2013-12-06",27.472000
"2013-12-09",28.320000
"2013-12-10",28.438000
"2013-12-11",27.930000
"2013-12-12",29.493999
"2013-12-13",29.530001
"2013-12-16",29.587999
"2013-12-17",30.492001
"2013-12-18",29.596001
"2013-12-19",28.143999
"2013-12-20",28.648001
"2013-12-23",28.709999
"2013-12-24",30.282000
"2013-12-26",31.100000
"2013-12-27",30.224001
"2013-12-30",30.488001
"2013-12-31",30.086000
"2014-01-02",30.020000
"2014-01-03",29.912001
"2014-01-06",29.400000
"2014-01-07",29.872000
"2014-01-08",30.256001
"2014-01-09",29.506001
"2014-01-10",29.143999
"2014-01-13",27.868000
"2014-01-14",32.254002
"2014-01-15",32.826000
"2014-01-16",34.194000
"2014-01-17",34.001999
"2014-01-21",35.335999
"2014-01-22",35.712002
"2014-01-23",36.299999
"2014-01-24",34.919998
"2014-01-27",33.924000
"2014-01-28",35.675999
"2014-01-29",35.046001
"2014-01-30",36.568001
"2014-01-31",36.282001
"2014-02-03",35.422001
"2014-02-04",35.745998
"2014-02-05",34.883999
"2014-02-06",35.675999
"2014-02-07",37.306000
"2014-02-10",39.312000
"2014-02-11",39.324001
"2014-02-12",39.063999
"2014-02-13",39.925999
"2014-02-14",39.646000
"2014-02-18",40.740002
"2014-02-19",38.728001
"2014-02-20",41.993999
"2014-02-21",41.919998
"2014-02-24",43.529999
"2014-02-25",49.599998
"2014-02-26",50.599998
"2014-02-27",50.507999
"2014-02-28",48.962002
"2014-03-03",50.112000
"2014-03-04",50.967999
"2014-03-05",50.532001
"2014-03-06",50.588001
"2014-03-07",49.242001
"2014-03-10",47.768002
"2014-03-11",46.882000
"2014-03-12",48.298000
"2014-03-13",47.557999
"2014-03-14",46.194000
"2014-03-17",46.796001
"2014-03-18",48.007999
"2014-03-19",47.167999
"2014-03-20",46.981998
"2014-03-21",45.778000
"2014-03-24",44.034000
"2014-03-25",44.088001
"2014-03-26",42.591999
"2014-03-27",41.464001
"2014-03-28",42.473999
"2014-03-31",41.689999
"2014-04-01",43.394001
"2014-04-02",46.057999
"2014-04-03",45.080002
"2014-04-04",42.445999
"2014-04-07",41.504002
"2014-04-08",43.091999
"2014-04-09",43.386002
"2014-04-10",40.838001
"2014-04-11",40.756001
"2014-04-14",39.618000
"2014-04-15",38.782001
"2014-04-16",39.821999
"2014-04-17",39.624001
"2014-04-21",40.875999
"2014-04-22",43.728001
"2014-04-23",41.598000
"2014-04-24",41.571999
"2014-04-25",39.970001
"2014-04-28",39.702000
"2014-04-29",41.383999
"2014-04-30",41.577999
"2014-05-01",41.546001
"2014-05-02",42.181999
"2014-05-05",43.321999
"2014-05-06",41.456001
"2014-05-07",40.270000
"2014-05-08",35.717999
"2014-05-09",36.452000
"2014-05-12",36.933998
"2014-05-13",38.032001
"2014-05-14",38.124001
"2014-05-15",37.717999
"2014-05-16",38.312000
"2014-05-19",39.217999
"2014-05-20",39.060001
"2014-05-21",39.889999
"2014-05-22",40.976002
"2014-05-23",41.459999
"2014-05-27",42.312000
"2014-05-28",42.048000
"2014-05-29",42.048000
"2014-05-30",41.554001
"2014-06-02",40.939999
"2014-06-03",40.987999
"2014-06-04",40.798000
"2014-06-05",41.380001
"2014-06-06",41.633999
"2014-06-09",41.062000
"2014-06-10",40.459999
"2014-06-11",40.894001
"2014-06-12",40.703999
"2014-06-13",41.284000
"2014-06-16",44.922001
"2014-06-17",46.334000
"2014-06-18",45.424000
"2014-06-19",45.557999
"2014-06-20",45.917999
"2014-06-23",47.444000
"2014-06-24",46.500000
"2014-06-25",47.377998
"2014-06-26",47.119999
"2014-06-27",47.812000
"2014-06-30",48.012001
"2014-07-01",47.944000
"2014-07-02",45.886002
"2014-07-03",45.849998
"2014-07-07",44.532001
"2014-07-08",43.813999
"2014-07-09",44.612000
"2014-07-10",43.891998
"2014-07-11",43.625999
"2014-07-14",45.340000
"2014-07-15",43.916000
"2014-07-16",43.431999
"2014-07-17",43.080002
"2014-07-18",44.004002
"2014-07-21",44.108002
"2014-07-22",43.916000
"2014-07-23",44.498001
"2014-07-24",44.708000
"2014-07-25",44.714001
"2014-07-28",44.964001
"2014-07-29",45.001999
"2014-07-30",45.784000
"2014-07-31",44.660000
"2014-08-01",46.653999
"2014-08-04",47.703999
"2014-08-05",47.698002
"2014-08-06",49.785999
"2014-08-07",50.478001
"2014-08-08",49.625999
"2014-08-11",51.863998
"2014-08-12",51.992001
"2014-08-13",52.062000
"2014-08-14",52.276001
"2014-08-15",52.402000
"2014-08-18",51.987999
"2014-08-19",51.352001
"2014-08-20",51.141998
"2014-08-21",50.868000
"2014-08-22",51.355999
"2014-08-25",52.509998
"2014-08-26",52.348000
"2014-08-27",52.650002
"2014-08-28",52.771999
"2014-08-29",53.939999
"2014-09-02",56.824001
"2014-09-03",56.237999
"2014-09-04",57.208000
"2014-09-05",55.478001
"2014-09-08",56.422001
"2014-09-09",55.695999
"2014-09-10",56.220001
"2014-09-11",56.062000
"2014-09-12",55.840000
"2014-09-15",50.771999
"2014-09-16",52.147999
"2014-09-17",52.276001
"2014-09-18",52.764000
"2014-09-19",51.863998
"2014-09-22",50.006001
"2014-09-23",50.082001
"2014-09-24",50.428001
"2014-09-25",49.389999
"2014-09-26",49.320000
"2014-09-29",49.051998
"2014-09-30",48.535999
"2014-10-01",48.048000
"2014-10-02",50.284000
"2014-10-03",51.042000
"2014-10-06",52.124001
"2014-10-07",51.914001
"2014-10-08",51.855999
"2014-10-09",51.402000
"2014-10-10",47.382000
"2014-10-13",44.917999
"2014-10-14",45.411999
"2014-10-15",45.939999
"2014-10-16",45.270000
"2014-10-17",45.495998
"2014-10-20",46.094002
"2014-10-21",47.068001
"2014-10-22",46.220001
"2014-10-23",47.057999
"2014-10-24",47.048000
"2014-10-27",44.334000
"2014-10-28",48.554001
"2014-10-29",47.619999
"2014-10-30",47.731998
"2014-10-31",48.340000
"2014-11-03",48.518002
"2014-11-04",47.785999
"2014-11-05",46.194000
"2014-11-06",48.243999
"2014-11-07",48.040001
"2014-11-10",48.386002
"2014-11-11",50.216000
"2014-11-12",49.820000
"2014-11-13",50.340000
"2014-11-14",51.736000
"2014-11-17",50.796001
"2014-11-18",51.540001
"2014-11-19",49.548000
"2014-11-20",49.742001
"2014-11-21",48.556000
"2014-11-24",49.344002
"2014-11-25",49.618000
"2014-11-26",49.688000
"2014-11-28",48.903999
"2014-12-01",46.327999
"2014-12-02",46.285999
"2014-12-03",45.860001
"2014-12-04",45.655998
"2014-12-05",44.742001
"2014-12-08",42.872002
"2014-12-09",43.377998
"2014-12-10",41.967999
"2014-12-11",41.776001
"2014-12-12",41.400002
"2014-12-15",40.807999
"2014-12-16",39.562000
"2014-12-17",41.164001
"2014-12-18",43.652000
"2014-12-19",43.858002
"2014-12-22",44.520000
"2014-12-23",44.194000
"2014-12-24",44.452000
"2014-12-26",45.563999
"2014-12-29",45.141998
"2014-12-30",44.445999
"2014-12-31",44.481998
"2015-01-02",43.862000
"2015-01-05",42.018002
"2015-01-06",42.256001
"2015-01-07",42.189999
"2015-01-08",42.124001
"2015-01-09",41.332001
"2015-01-12",40.442001
"2015-01-13",40.849998
"2015-01-14",38.537998
"2015-01-15",38.374001
"2015-01-16",38.613998
"2015-01-20",38.386002
"2015-01-21",39.313999
"2015-01-22",40.324001
"2015-01-23",40.257999
"2015-01-26",41.310001
"2015-01-27",41.195999
"2015-01-28",39.874001
"2015-01-29",41.040001
"2015-01-30",40.720001
"2015-02-02",42.188000
"2015-02-03",43.672001
"2015-02-04",43.709999
"2015-02-05",44.198002
"2015-02-06",43.472000
"2015-02-09",43.495998
"2015-02-10",43.257999
"2015-02-11",42.560001
"2015-02-12",40.576000
"2015-02-13",40.754002
"2015-02-17",40.869999
"2015-02-18",40.891998
"2015-02-19",42.341999
"2015-02-20",43.422001
"2015-02-23",41.467999
"2015-02-24",40.821999
"2015-02-25",40.751999
"2015-02-26",41.438000
"2015-02-27",40.667999
"2015-03-02",39.466000
"2015-03-03",39.911999
"2015-03-04",40.487999
"2015-03-05",40.125999
"2015-03-06",38.776001
"2015-03-09",38.175999
"2015-03-10",38.063999
"2015-03-11",38.748001
"2015-03-12",38.214001
"2015-03-13",37.736000
"2015-03-16",39.139999
"2015-03-17",38.945999
"2015-03-18",40.141998
"2015-03-19",39.130001
"2015-03-20",39.616001
"2015-03-23",39.925999
"2015-03-24",40.344002
"2015-03-25",38.860001
"2015-03-26",38.082001
"2015-03-27",37.000000
"2015-03-30",38.113998
"2015-03-31",37.754002
"2015-04-01",37.518002
"2015-04-02",38.200001
"2015-04-06",40.619999
"2015-04-07",40.650002
"2015-04-08",41.534000
"2015-04-09",42.018002
"2015-04-10",42.180000
"2015-04-13",41.956001
"2015-04-14",41.492001
"2015-04-15",41.566002
"2015-04-16",41.340000
"2015-04-17",41.358002
"2015-04-20",41.054001
"2015-04-21",41.882000
"2015-04-22",43.888000
"2015-04-23",43.720001
"2015-04-24",43.686001
"2015-04-27",46.310001
"2015-04-28",46.096001
"2015-04-29",46.490002
"2015-04-30",45.209999
"2015-05-01",45.206001
"2015-05-04",46.102001
"2015-05-05",46.590000
"2015-05-06",46.085999
"2015-05-07",47.360001
"2015-05-08",47.321999
"2015-05-11",47.897999
"2015-05-12",48.948002
"2015-05-13",48.636002
"2015-05-14",48.820000
"2015-05-15",49.768002
"2015-05-18",49.750000
"2015-05-19",49.428001
"2015-05-20",48.869999
"2015-05-21",49.124001
"2015-05-22",49.546001
"2015-05-26",49.492001
"2015-05-27",49.486000
"2015-05-28",50.290001
"2015-05-29",50.160000
"2015-06-01",49.889999
"2015-06-02",49.669998
"2015-06-03",49.798000
"2015-06-04",49.183998
"2015-06-05",49.827999
"2015-06-08",51.257999
"2015-06-09",51.200001
"2015-06-10",50.139999
"2015-06-11",50.282001
"2015-06-12",50.138000
"2015-06-15",50.076000
"2015-06-16",50.624001
"2015-06-17",52.082001
"2015-06-18",52.377998
"2015-06-19",52.501999
"2015-06-22",51.958000
"2015-06-23",53.534000
"2015-06-24",53.034000
"2015-06-25",53.757999
"2015-06-26",53.417999
"2015-06-29",52.403999
"2015-06-30",53.652000
"2015-07-01",53.830002
"2015-07-02",56.004002
"2015-07-06",55.944000
"2015-07-07",53.576000
"2015-07-08",50.992001
"2015-07-09",51.584000
"2015-07-10",51.830002
"2015-07-13",52.431999
"2015-07-14",53.130001
"2015-07-15",52.627998
"2015-07-16",53.335999
"2015-07-17",54.931999
"2015-07-20",56.452000
"2015-07-21",53.354000
"2015-07-22",53.574001
"2015-07-23",53.439999
"2015-07-24",53.082001
"2015-07-27",50.602001
"2015-07-28",52.964001
"2015-07-29",52.764000
"2015-07-30",53.358002
"2015-07-31",53.230000
"2015-08-03",51.998001
"2015-08-04",53.256001
"2015-08-05",54.026001
"2015-08-06",49.226002
"2015-08-07",48.501999
"2015-08-10",48.228001
"2015-08-11",47.473999
"2015-08-12",47.633999
"2015-08-13",48.501999
"2015-08-14",48.630001
"2015-08-17",50.998001
"2015-08-18",52.144001
"2015-08-19",51.049999
"2015-08-20",48.436001
"2015-08-21",46.153999
"2015-08-24",43.773998
"2015-08-25",44.006001
"2015-08-26",44.967999
"2015-08-27",48.598000
"2015-08-28",49.695999
"2015-08-31",49.812000
"2015-09-01",47.726002
"2015-09-02",49.537998
"2015-09-03",49.113998
"2015-09-04",48.386002
"2015-09-08",49.633999
"2015-09-09",49.782001
"2015-09-10",49.695999
"2015-09-11",50.048000
"2015-09-14",50.638000
"2015-09-15",50.714001
"2015-09-16",52.450001
"2015-09-17",52.414001
"2015-09-18",52.124001
"2015-09-21",52.840000
"2015-09-22",52.188000
"2015-09-23",52.212002
"2015-09-24",52.624001
"2015-09-25",51.382000
"2015-09-28",49.686001
"2015-09-29",49.330002
"2015-09-30",49.680000
"2015-10-01",47.976002
"2015-10-02",49.514000
"2015-10-05",49.230000
"2015-10-06",48.292000
"2015-10-07",46.391998
"2015-10-08",45.344002
"2015-10-09",44.138000
"2015-10-12",43.116001
"2015-10-13",43.849998
"2015-10-14",43.375999
"2015-10-15",44.262001
"2015-10-16",45.402000
"2015-10-19",45.619999
"2015-10-20",42.605999
"2015-10-21",42.018002
"2015-10-22",42.344002
"2015-10-23",41.818001
"2015-10-26",43.051998
"2015-10-27",42.070000
"2015-10-28",42.591999
"2015-10-29",42.326000
"2015-10-30",41.386002
"2015-11-02",42.757999
"2015-11-03",41.669998
"2015-11-04",46.326000
"2015-11-05",46.354000
"2015-11-06",46.472000
"2015-11-09",45.066002
"2015-11-10",43.299999
"2015-11-11",43.816002
"2015-11-12",42.588001
"2015-11-13",41.438000
"2015-11-16",42.862000
"2015-11-17",42.799999
"2015-11-18",44.214001
"2015-11-19",44.360001
"2015-11-20",44.001999
"2015-11-23",43.549999
"2015-11-24",43.650002
"2015-11-25",45.928001
"2015-11-27",46.321999
"2015-11-30",46.051998
"2015-12-01",47.438000
"2015-12-02",46.397999
"2015-12-03",46.542000
"2015-12-04",46.076000
"2015-12-07",46.226002
"2015-12-08",45.344002
"2015-12-09",44.903999
"2015-12-10",45.414001
"2015-12-11",43.403999
"2015-12-14",43.716000
"2015-12-15",44.217999
"2015-12-16",46.902000
"2015-12-17",46.678001
"2015-12-18",46.091999
"2015-12-21",46.512001
"2015-12-22",45.990002
"2015-12-23",45.939999
"2015-12-24",46.113998
"2015-12-28",45.790001
"2015-12-29",47.438000
"2015-12-30",47.618000
"2015-12-31",48.001999
"2016-01-04",44.681999
"2016-01-05",44.686001
"2016-01-06",43.807999
"2016-01-07",43.130001
"2016-01-08",42.200001
"2016-01-11",41.570000
"2016-01-12",41.993999
"2016-01-13",40.062000
"2016-01-14",41.236000
"2016-01-15",40.998001
"2016-01-19",40.944000
"2016-01-20",39.740002
"2016-01-21",39.993999
"2016-01-22",40.509998
"2016-01-25",39.276001
"2016-01-26",38.712002
"2016-01-27",37.613998
"2016-01-28",37.939999
"2016-01-29",38.240002
"2016-02-01",39.388000
"2016-02-02",36.556000
"2016-02-03",34.695999
"2016-02-04",35.066002
"2016-02-05",32.520000
"2016-02-08",29.598000
"2016-02-09",29.650000
"2016-02-10",28.733999
"2016-02-11",30.094000
"2016-02-12",30.208000
"2016-02-16",31.034000
"2016-02-17",33.736000
"2016-02-18",33.354000
"2016-02-19",33.316002
"2016-02-22",35.548000
"2016-02-23",35.442001
"2016-02-24",35.799999
"2016-02-25",37.486000
"2016-02-26",38.068001
"2016-02-29",38.386002
"2016-03-01",37.270000
"2016-03-02",37.667999
"2016-03-03",39.147999
"2016-03-04",40.208000
"2016-03-07",41.057999
"2016-03-08",40.520000
"2016-03-09",41.743999
"2016-03-10",41.035999
"2016-03-11",41.500000
"2016-03-14",43.029999
"2016-03-15",43.667999
"2016-03-16",44.386002
"2016-03-17",45.276001
"2016-03-18",46.548000
"2016-03-21",47.664001
"2016-03-22",46.848000
"2016-03-23",44.515999
"2016-03-24",45.549999
"2016-03-28",46.051998
"2016-03-29",46.026001
"2016-03-30",45.377998
"2016-03-31",45.953999
"2016-04-01",47.518002
"2016-04-04",49.397999
"2016-04-05",51.094002
"2016-04-06",53.084000
"2016-04-07",51.439999
"2016-04-08",50.014000
"2016-04-11",49.984001
"2016-04-12",49.563999
"2016-04-13",50.905998
"2016-04-14",50.372002
"2016-04-15",50.902000
"2016-04-18",50.776001
"2016-04-19",49.473999
"2016-04-20",49.993999
"2016-04-21",49.658001
"2016-04-22",50.750000
"2016-04-25",50.363998
"2016-04-26",50.748001
"2016-04-27",50.293999
"2016-04-28",49.542000
"2016-04-29",48.152000
"2016-05-02",48.360001
"2016-05-03",46.464001
"2016-05-04",44.512001
"2016-05-05",42.306000
"2016-05-06",42.986000
"2016-05-09",41.784000
"2016-05-10",41.737999
"2016-05-11",41.792000
"2016-05-12",41.456001
"2016-05-13",41.521999
"2016-05-16",41.658001
"2016-05-17",40.931999
"2016-05-18",42.234001
"2016-05-19",43.042000
"2016-05-20",44.056000
"2016-05-23",43.243999
"2016-05-24",43.582001
"2016-05-25",43.916000
"2016-05-26",45.023998
"2016-05-27",44.608002
"2016-05-31",44.646000
"2016-06-01",43.911999
"2016-06-02",43.792000
"2016-06-03",43.798000
"2016-06-06",44.136002
"2016-06-07",46.467999
"2016-06-08",47.104000
"2016-06-09",45.872002
"2016-06-10",43.757999
"2016-06-13",43.574001
"2016-06-14",42.992001
"2016-06-15",43.540001
"2016-06-16",43.585999
"2016-06-17",43.094002
"2016-06-20",43.939999
"2016-06-21",43.922001
"2016-06-22",39.332001
"2016-06-23",39.279999
"2016-06-24",38.630001
"2016-06-27",39.709999
"2016-06-28",40.358002
"2016-06-29",42.037998
"2016-06-30",42.456001
"2016-07-01",43.299999
"2016-07-05",42.796001
"2016-07-06",42.888000
"2016-07-07",43.188000
"2016-07-08",43.355999
"2016-07-11",44.956001
"2016-07-12",44.930000
"2016-07-13",44.506001
"2016-07-14",44.306000
"2016-07-15",44.080002
"2016-07-18",45.250000
"2016-07-19",45.051998
"2016-07-20",45.672001
"2016-07-21",44.099998
"2016-07-22",44.453999
"2016-07-25",46.001999
"2016-07-26",45.902000
"2016-07-27",45.698002
"2016-07-28",46.122002
"2016-07-29",46.958000
"2016-08-01",46.001999
"2016-08-02",45.439999
"2016-08-03",45.158001
"2016-08-04",46.122002
"2016-08-05",46.006001
"2016-08-08",45.231998
"2016-08-09",45.816002
"2016-08-10",45.130001
"2016-08-11",44.981998
"2016-08-12",45.122002
"2016-08-15",45.118000
"2016-08-16",44.722000
"2016-08-17",44.647999
"2016-08-18",44.702000
"2016-08-19",45.000000
"2016-08-22",44.585999
"2016-08-23",44.967999
"2016-08-24",44.523998
"2016-08-25",44.192001
"2016-08-26",43.998001
"2016-08-29",43.040001
"2016-08-30",42.268002
"2016-08-31",42.402000
"2016-09-01",40.153999
"2016-09-02",39.556000
"2016-09-06",40.566002
"2016-09-07",40.341999
"2016-09-08",39.472000
"2016-09-09",38.894001
"2016-09-12",39.660000
"2016-09-13",39.209999
"2016-09-14",39.282001
"2016-09-15",40.084000
"2016-09-16",41.080002
"2016-09-19",41.268002
"2016-09-20",40.928001
"2016-09-21",41.043999
"2016-09-22",41.285999
"2016-09-23",41.490002
"2016-09-26",41.798000
"2016-09-27",41.161999
"2016-09-28",41.254002
"2016-09-29",40.139999
"2016-09-30",40.806000
"2016-10-03",42.740002
"2016-10-04",42.282001
"2016-10-05",41.692001
"2016-10-06",40.200001
"2016-10-07",39.321999
"2016-10-10",40.189999
"2016-10-11",40.020000
"2016-10-12",40.301998
"2016-10-13",40.048000
"2016-10-14",39.301998
"2016-10-17",38.792000
"2016-10-18",39.820000
"2016-10-19",40.712002
"2016-10-20",39.820000
"2016-10-21",40.018002
"2016-10-24",40.551998
"2016-10-25",40.467999
"2016-10-26",40.448002
"2016-10-27",40.801998
"2016-10-28",39.993999
"2016-10-31",39.546001
"2016-11-01",38.158001
"2016-11-02",37.604000
"2016-11-03",37.484001
"2016-11-04",38.112000
"2016-11-07",38.641998
"2016-11-08",38.987999
"2016-11-09",38.012001
"2016-11-10",37.070000
"2016-11-11",37.712002
"2016-11-14",36.290001
"2016-11-15",36.754002
"2016-11-16",36.785999
"2016-11-17",37.731998
"2016-11-18",37.004002
"2016-11-21",36.903999
"2016-11-22",38.234001
"2016-11-23",38.627998
"2016-11-25",39.330002
"2016-11-28",39.223999
"2016-11-29",37.914001
"2016-11-30",37.880001
"2016-12-01",36.375999
"2016-12-02",36.293999
"2016-12-05",37.360001
"2016-12-06",37.169998
"2016-12-07",38.630001
"2016-12-08",38.458000
"2016-12-09",38.436001
"2016-12-12",38.486000
"2016-12-13",39.630001
"2016-12-14",39.737999
"2016-12-15",39.515999
"2016-12-16",40.498001
"2016-12-19",40.546001
"2016-12-20",41.757999
"2016-12-21",41.540001
"2016-12-22",41.689999
"2016-12-23",42.667999
"2016-12-27",43.905998
"2016-12-28",43.948002
"2016-12-29",42.936001
"2016-12-30",42.737999
"2017-01-03",43.397999
"2017-01-04",45.397999
"2017-01-05",45.349998
"2017-01-06",45.801998
"2017-01-09",46.256001
"2017-01-10",45.973999
"2017-01-11",45.945999
"2017-01-12",45.917999
"2017-01-13",47.549999
"2017-01-17",47.116001
"2017-01-18",47.672001
"2017-01-19",48.751999
"2017-01-20",48.945999
"2017-01-23",49.784000
"2017-01-24",50.922001
"2017-01-25",50.894001
"2017-01-26",50.501999
"2017-01-27",50.590000
"2017-01-30",50.125999
"2017-01-31",50.386002
"2017-02-01",49.848000
"2017-02-02",50.310001
"2017-02-03",50.265999
"2017-02-06",51.554001
"2017-02-07",51.495998
"2017-02-08",52.416000
"2017-02-09",53.840000
"2017-02-10",53.846001
"2017-02-13",56.119999
"2017-02-14",56.195999
"2017-02-15",55.952000
"2017-02-16",53.790001
"2017-02-17",54.445999
"2017-02-21",55.478001
"2017-02-22",54.702000
"2017-02-23",51.198002
"2017-02-24",51.400002
"2017-02-27",49.245998
"2017-02-28",49.998001
"2017-03-01",50.004002
"2017-03-02",50.096001
"2017-03-03",50.313999
"2017-03-06",50.242001
"2017-03-07",49.717999
"2017-03-08",49.374001
"2017-03-09",48.980000
"2017-03-10",48.737999
"2017-03-13",49.234001
"2017-03-14",51.599998
"2017-03-15",51.146000
"2017-03-16",52.410000
"2017-03-17",52.299999
"2017-03-20",52.383999
"2017-03-21",50.136002
"2017-03-22",51.001999
"2017-03-23",50.956001
"2017-03-24",52.632000
"2017-03-27",54.043999
"2017-03-28",55.490002
"2017-03-29",55.476002
"2017-03-30",55.584000
"2017-03-31",55.660000
"2017-04-03",59.703999
"2017-04-04",60.740002
"2017-04-05",59.000000
"2017-04-06",59.740002
"2017-04-07",60.507999
"2017-04-10",62.478001
"2017-04-11",61.742001
"2017-04-12",59.368000
"2017-04-13",60.799999
"2017-04-17",60.287998
"2017-04-18",60.049999
"2017-04-19",61.104000
"2017-04-20",60.501999
"2017-04-21",61.119999
"2017-04-24",61.605999
"2017-04-25",62.757999
"2017-04-26",62.034000
"2017-04-27",61.726002
"2017-04-28",62.813999
"2017-05-01",64.566002
"2017-05-02",63.778000
"2017-05-03",62.203999
"2017-05-04",59.091999
"2017-05-05",61.669998
"2017-05-08",61.438000
"2017-05-09",64.251999
"2017-05-10",65.043999
"2017-05-11",64.620003
"2017-05-12",64.961998
"2017-05-15",63.175999
"2017-05-16",63.402000
"2017-05-17",61.222000
"2017-05-18",62.612000
"2017-05-19",62.166000
"2017-05-22",62.070000
"2017-05-23",60.771999
"2017-05-24",62.043999
"2017-05-25",63.366001
"2017-05-26",65.028000
"2017-05-30",67.019997
"2017-05-31",68.202003
"2017-06-01",68.073997
"2017-06-02",67.970001
"2017-06-05",69.463997
"2017-06-06",70.570000
"2017-06-07",71.930000
"2017-06-08",74.000000
"2017-06-09",71.463997
"2017-06-12",71.802002
"2017-06-13",75.190002
"2017-06-14",76.132004
"2017-06-15",75.068001
"2017-06-16",74.279999
"2017-06-19",73.959999
"2017-06-20",74.447998
"2017-06-21",75.279999
"2017-06-22",76.522003
"2017-06-23",76.690002
"2017-06-26",75.498001
"2017-06-27",72.473999
"2017-06-28",74.248001
"2017-06-29",72.150002
"2017-06-30",72.321999
"2017-07-03",70.524002
"2017-07-05",65.417999
"2017-07-06",61.765999
"2017-07-07",62.644001
"2017-07-10",63.209999
"2017-07-11",65.444000
"2017-07-12",65.903999
"2017-07-13",64.681999
"2017-07-14",65.556000
"2017-07-17",63.914001
"2017-07-18",65.648003
"2017-07-19",65.052002
"2017-07-20",65.984001
"2017-07-21",65.680000
"2017-07-24",68.503998
"2017-07-25",67.919998
"2017-07-26",68.769997
"2017-07-27",66.891998
"2017-07-28",67.014000
"2017-07-31",64.694000
"2017-08-01",63.914001
"2017-08-02",65.178001
"2017-08-03",69.417999
"2017-08-04",71.382004
"2017-08-07",71.033997
"2017-08-08",73.043999
"2017-08-09",72.706001
"2017-08-10",71.080002
"2017-08-11",71.573997
"2017-08-14",72.760002
"2017-08-15",72.466003
"2017-08-16",72.582001
"2017-08-17",70.384003
"2017-08-18",69.491997
"2017-08-21",67.571999
"2017-08-22",68.269997
"2017-08-23",70.554001
"2017-08-24",70.585999
"2017-08-25",69.610001
"2017-08-28",69.132004
"2017-08-29",69.472000
"2017-08-30",70.636002
"2017-08-31",71.180000
"2017-09-01",71.080002
"2017-09-05",69.917999
"2017-09-06",68.905998
"2017-09-07",70.122002
"2017-09-08",68.680000
"2017-09-11",72.737999
"2017-09-12",72.550003
"2017-09-13",73.246002
"2017-09-14",75.528000
"2017-09-15",75.961998
"2017-09-18",77.000000
"2017-09-19",75.019997
"2017-09-20",74.781998
"2017-09-21",73.295998
"2017-09-22",70.218002
"2017-09-25",68.998001
"2017-09-26",69.050003
"2017-09-27",68.194000
"2017-09-28",67.919998
"2017-09-29",68.220001
"2017-10-02",68.306000
"2017-10-03",69.627998
"2017-10-04",71.001999
"2017-10-05",71.066002
"2017-10-06",71.375999
"2017-10-09",68.587997
"2017-10-10",71.117996
"2017-10-11",70.919998
"2017-10-12",71.136002
"2017-10-13",71.113998
"2017-10-16",70.120003
"2017-10-17",71.150002
"2017-10-18",71.930000
"2017-10-19",70.362000
"2017-10-20",69.019997
"2017-10-23",67.403999
"2017-10-24",67.468002
"2017-10-25",65.167999
"2017-10-26",65.234001
"2017-10-27",64.174004
"2017-10-30",64.015999
"2017-10-31",66.306000
"2017-11-01",64.216003
"2017-11-02",59.852001
"2017-11-03",61.217999
"2017-11-06",60.556000
"2017-11-07",61.209999
"2017-11-08",60.877998
"2017-11-09",60.598000
"2017-11-10",60.598000
"2017-11-13",63.080002
"2017-11-14",61.740002
"2017-11-15",62.259998
"2017-11-16",62.500000
"2017-11-17",63.009998
"2017-11-20",61.748001
"2017-11-21",63.562000
"2017-11-22",62.520000
"2017-11-24",63.110001
"2017-11-27",63.362000
"2017-11-28",63.509998
"2017-11-29",61.507999
"2017-11-30",61.770000
"2017-12-01",61.306000
"2017-12-04",61.040001
"2017-12-05",60.740002
"2017-12-06",62.652000
"2017-12-07",62.248001
"2017-12-08",63.026001
"2017-12-11",65.781998
"2017-12-12",68.206001
"2017-12-13",67.806000
"2017-12-14",67.578003
"2017-12-15",68.690002
"2017-12-18",67.774002
"2017-12-19",66.220001
"2017-12-20",65.795998
"2017-12-21",66.332001
"2017-12-22",65.040001
"2017-12-26",63.458000
"2017-12-27",62.327999
"2017-12-28",63.071999
"2017-12-29",62.270000
"2018-01-02",64.106003
"2018-01-03",63.450001
"2018-01-04",62.924000
"2018-01-05",63.316002
"2018-01-08",67.281998
"2018-01-09",66.737999
"2018-01-10",66.959999
"2018-01-11",67.589996
"2018-01-12",67.244003
"2018-01-16",68.012001
"2018-01-17",69.431999
"2018-01-18",68.914001
"2018-01-19",70.003998
"2018-01-22",70.311996
"2018-01-23",70.557999
"2018-01-24",69.178001
"2018-01-25",67.528000
"2018-01-26",68.570000
"2018-01-29",69.905998
"2018-01-30",69.164001
"2018-01-31",70.862000
"2018-02-01",69.849998
"2018-02-02",68.750000
"2018-02-05",66.625999
"2018-02-06",66.793999
"2018-02-07",69.000000
"2018-02-08",63.046001
"2018-02-09",62.084000
"2018-02-12",63.146000
"2018-02-13",64.732002
"2018-02-14",64.461998
"2018-02-15",66.814003
"2018-02-16",67.098000
"2018-02-20",66.954002
"2018-02-21",66.660004
"2018-02-22",69.234001
"2018-02-23",70.410004
"2018-02-26",71.484001
"2018-02-27",70.197998
"2018-02-28",68.612000
"2018-03-01",66.185997
"2018-03-02",67.024002
"2018-03-05",66.669998
"2018-03-06",65.639999
"2018-03-07",66.459999
"2018-03-08",65.820000
"2018-03-09",65.433998
"2018-03-12",69.101997
"2018-03-13",68.367996
"2018-03-14",65.325996
"2018-03-15",65.120003
"2018-03-16",64.269997
"2018-03-19",62.712002
"2018-03-20",62.110001
"2018-03-21",63.306000
"2018-03-22",61.820000
"2018-03-23",60.307999
"2018-03-26",60.835999
"2018-03-27",55.835999
"2018-03-28",51.556000
"2018-03-29",53.226002
"2018-04-02",50.495998
"2018-04-03",53.506001
"2018-04-04",57.388000
"2018-04-05",61.144001
"2018-04-06",59.860001
"2018-04-09",57.931999
"2018-04-10",60.939999
"2018-04-11",60.186001
"2018-04-12",58.816002
"2018-04-13",60.068001
"2018-04-16",58.242001
"2018-04-17",57.537998
"2018-04-18",58.669998
"2018-04-19",60.015999
"2018-04-20",58.048000
"2018-04-23",56.674000
"2018-04-24",56.692001
"2018-04-25",56.138000
"2018-04-26",57.096001
"2018-04-27",58.816002
"2018-04-30",58.779999
"2018-05-01",59.984001
"2018-05-02",60.230000
"2018-05-03",56.889999
"2018-05-04",58.818001
"2018-05-07",60.554001
"2018-05-08",60.394001
"2018-05-09",61.369999
"2018-05-10",61.004002
"2018-05-11",60.212002
"2018-05-14",58.394001
"2018-05-15",56.835999
"2018-05-16",57.296001
"2018-05-17",56.908001
"2018-05-18",55.363998
"2018-05-21",56.897999
"2018-05-22",55.001999
"2018-05-23",55.813999
"2018-05-24",55.570000
"2018-05-25",55.770000
"2018-05-29",56.751999
"2018-05-30",58.344002
"2018-05-31",56.945999
"2018-06-01",58.363998
"2018-06-04",59.348000
"2018-06-05",58.226002
"2018-06-06",63.900002
"2018-06-07",63.217999
"2018-06-08",63.532001
"2018-06-11",66.419998
"2018-06-12",68.554001
"2018-06-13",68.956001
"2018-06-14",71.543999
"2018-06-15",71.634003
"2018-06-18",74.166000
"2018-06-19",70.510002
"2018-06-20",72.444000
"2018-06-21",69.501999
"2018-06-22",66.725998
"2018-06-25",66.601997
"2018-06-26",68.400002
"2018-06-27",68.900002
"2018-06-28",69.986000
"2018-06-29",68.589996
"2018-07-02",67.014000
"2018-07-03",62.172001
"2018-07-05",61.832001
"2018-07-06",61.779999
"2018-07-09",63.702000
"2018-07-10",64.494003
"2018-07-11",63.792000
"2018-07-12",63.341999
"2018-07-13",63.773998
"2018-07-16",62.020000
"2018-07-17",64.538002
"2018-07-18",64.769997
"2018-07-19",64.045998
"2018-07-20",62.716000
"2018-07-23",60.639999
"2018-07-24",59.486000
"2018-07-25",61.748001
"2018-07-26",61.330002
"2018-07-27",59.436001
"2018-07-30",58.034000
"2018-07-31",59.627998
"2018-08-01",60.167999
"2018-08-02",69.907997
"2018-08-03",69.634003
"2018-08-06",68.398003
"2018-08-07",75.914001
"2018-08-08",74.068001
"2018-08-09",70.489998
"2018-08-10",71.098000
"2018-08-13",71.281998
"2018-08-14",69.528000
"2018-08-15",67.737999
"2018-08-16",67.089996
"2018-08-17",61.099998
"2018-08-20",61.688000
"2018-08-21",64.379997
"2018-08-22",64.328003
"2018-08-23",64.019997
"2018-08-24",64.564003
"2018-08-27",63.854000
"2018-08-28",62.372002
"2018-08-29",61.001999
"2018-08-30",60.630001
"2018-08-31",60.332001
"2018-09-04",57.790001
"2018-09-05",56.147999
"2018-09-06",56.189999
"2018-09-07",52.647999
"2018-09-10",57.099998
"2018-09-11",55.888000
"2018-09-12",58.108002
"2018-09-13",57.891998
"2018-09-14",59.040001
"2018-09-17",58.967999
"2018-09-18",56.992001
"2018-09-19",59.804001
"2018-09-20",59.666000
"2018-09-21",59.820000
"2018-09-24",59.936001
"2018-09-25",60.198002
"2018-09-26",61.916000
"2018-09-27",61.504002
"2018-09-28",52.953999
"2018-10-01",62.139999
"2018-10-02",60.203999
"2018-10-03",58.959999
"2018-10-04",56.366001
"2018-10-05",52.389999
"2018-10-08",50.112000
"2018-10-09",52.560001
"2018-10-10",51.375999
"2018-10-11",50.445999
"2018-10-12",51.756001
"2018-10-15",51.917999
"2018-10-16",55.318001
"2018-10-17",54.355999
"2018-10-18",52.782001
"2018-10-19",52.000000
"2018-10-22",52.189999
"2018-10-23",58.827999
"2018-10-24",57.700001
"2018-10-25",62.972000
"2018-10-26",66.180000
"2018-10-29",66.970001
"2018-10-30",65.980003
"2018-10-31",67.463997
"2018-11-01",68.856003
"2018-11-02",69.281998
"2018-11-05",68.279999
"2018-11-06",68.211998
"2018-11-07",69.632004
"2018-11-08",70.279999
"2018-11-09",70.101997
"2018-11-12",66.255997
"2018-11-13",67.746002
"2018-11-14",68.800003
"2018-11-15",69.688004
"2018-11-16",70.862000
"2018-11-19",70.694000
"2018-11-20",69.498001
"2018-11-21",67.638000
"2018-11-23",65.166000
"2018-11-26",69.199997
"2018-11-27",68.783997
"2018-11-28",69.573997
"2018-11-29",68.234001
"2018-11-30",70.096001
"2018-12-03",71.697998
"2018-12-04",71.940002
"2018-12-06",72.612000
"2018-12-07",71.594002
"2018-12-10",73.029999
"2018-12-11",73.351997
"2018-12-12",73.320000
"2018-12-13",75.358002
"2018-12-14",73.141998
"2018-12-17",69.683998
"2018-12-18",67.405998
"2018-12-19",66.594002
"2018-12-20",63.076000
"2018-12-21",63.953999
"2018-12-24",59.077999
"2018-12-26",65.218002
"2018-12-27",63.226002
"2018-12-28",66.774002
"2018-12-31",66.559998
"2019-01-02",62.023998
"2019-01-03",60.071999
"2019-01-04",63.537998
"2019-01-07",66.991997
"2019-01-08",67.070000
"2019-01-09",67.706001
"2019-01-10",68.994003
"2019-01-11",69.452003
"2019-01-14",66.879997
"2019-01-15",68.886002
"2019-01-16",69.209999
"2019-01-17",69.461998
"2019-01-18",60.452000
"2019-01-22",59.784000
"2019-01-23",57.518002
"2019-01-24",58.301998
"2019-01-25",59.408001
"2019-01-28",59.276001
"2019-01-29",59.492001
"2019-01-30",61.754002
"2019-01-31",61.403999
"2019-02-01",62.442001
"2019-02-04",62.577999
"2019-02-05",64.269997
"2019-02-06",63.444000
"2019-02-07",61.501999
"2019-02-08",61.160000
"2019-02-11",62.568001
"2019-02-12",62.362000
"2019-02-13",61.633999
"2019-02-14",60.754002
"2019-02-15",61.576000
"2019-02-19",61.127998
"2019-02-20",60.512001
"2019-02-21",58.245998
"2019-02-22",58.942001
"2019-02-25",59.754002
"2019-02-26",59.571999
"2019-02-27",62.948002
"2019-02-28",63.976002
"2019-03-01",58.958000
"2019-03-04",57.071999
"2019-03-05",55.307999
"2019-03-06",55.248001
"2019-03-07",55.318001
"2019-03-08",56.827999
"2019-03-11",58.183998
"2019-03-12",56.672001
"2019-03-13",57.792000
"2019-03-14",57.992001
"2019-03-15",55.085999
"2019-03-18",53.897999
"2019-03-19",53.493999
"2019-03-20",54.720001
"2019-03-21",54.804001
"2019-03-22",52.905998
"2019-03-25",52.084000
"2019-03-26",53.554001
"2019-03-27",54.966000
"2019-03-28",55.723999
"2019-03-29",55.972000
"2019-04-01",57.835999
"2019-04-02",57.175999
"2019-04-03",58.362000
"2019-04-04",53.556000
"2019-04-05",54.992001
"2019-04-08",54.639999
"2019-04-09",54.462002
"2019-04-10",55.212002
"2019-04-11",53.683998
"2019-04-12",53.540001
"2019-04-15",53.276001
"2019-04-16",54.672001
"2019-04-17",54.245998
"2019-04-18",54.652000
"2019-04-22",52.549999
"2019-04-23",52.779999
"2019-04-24",51.731998
"2019-04-25",49.526001
"2019-04-26",47.028000
"2019-04-29",48.293999
"2019-04-30",47.737999
"2019-05-01",46.801998
"2019-05-02",48.820000
"2019-05-03",51.006001
"2019-05-06",51.068001
"2019-05-07",49.411999
"2019-05-08",48.967999
"2019-05-09",48.396000
"2019-05-10",47.903999
"2019-05-13",45.402000
"2019-05-14",46.462002
"2019-05-15",46.389999
"2019-05-16",45.666000
"2019-05-17",42.206001
"2019-05-20",41.071999
"2019-05-21",41.015999
"2019-05-22",38.546001
"2019-05-23",39.098000
"2019-05-24",38.125999
"2019-05-28",37.740002
"2019-05-29",37.972000
"2019-05-30",37.644001
"2019-05-31",37.032001
"2019-06-03",35.793999
"2019-06-04",38.720001
"2019-06-05",39.318001
"2019-06-06",41.189999
"2019-06-07",40.900002
"2019-06-10",42.576000
"2019-06-11",43.419998
"2019-06-12",41.852001
"2019-06-13",42.782001
"2019-06-14",42.984001
"2019-06-17",45.006001
"2019-06-18",44.948002
"2019-06-19",45.285999
"2019-06-20",43.924000
"2019-06-21",44.372002
"2019-06-24",44.728001
"2019-06-25",43.952000
"2019-06-26",43.854000
"2019-06-27",44.568001
"2019-06-28",44.692001
"2019-07-01",45.433998
"2019-07-02",44.910000
"2019-07-03",46.980000
"2019-07-05",46.619999
"2019-07-08",46.068001
"2019-07-09",46.012001
"2019-07-10",47.784000
"2019-07-11",47.720001
"2019-07-12",49.015999
"2019-07-15",50.700001
"2019-07-16",50.476002
"2019-07-17",50.972000
"2019-07-18",50.708000
"2019-07-19",51.636002
"2019-07-22",51.136002
"2019-07-23",52.034000
"2019-07-24",52.976002
"2019-07-25",45.764000
"2019-07-26",45.608002
"2019-07-29",47.153999
"2019-07-30",48.452000
"2019-07-31",48.321999
"2019-08-01",46.770000
"2019-08-02",46.868000
"2019-08-05",45.664001
"2019-08-06",46.150002
"2019-08-07",46.683998
"2019-08-08",47.660000
"2019-08-09",47.001999
"2019-08-12",45.801998
"2019-08-13",47.000000
"2019-08-14",43.924000
"2019-08-15",43.127998
"2019-08-16",43.987999
"2019-08-19",45.366001
"2019-08-20",45.172001
"2019-08-21",44.166000
"2019-08-22",44.430000
"2019-08-23",42.279999
"2019-08-26",43.000000
"2019-08-27",42.816002
"2019-08-28",43.118000
"2019-08-29",44.341999
"2019-08-30",45.122002
"2019-09-03",45.001999
"2019-09-04",44.136002
"2019-09-05",45.916000
"2019-09-06",45.490002
"2019-09-09",46.358002
"2019-09-10",47.108002
"2019-09-11",49.419998
"2019-09-12",49.174000
"2019-09-13",49.040001
"2019-09-16",48.562000
"2019-09-17",48.958000
"2019-09-18",48.698002
"2019-09-19",49.320000
"2019-09-20",48.124001
"2019-09-23",48.245998
"2019-09-24",44.641998
"2019-09-25",45.740002
"2019-09-26",48.512001
"2019-09-27",48.425999
"2019-09-30",48.174000
"2019-10-01",48.938000
"2019-10-02",48.625999
"2019-10-03",46.605999
"2019-10-04",46.285999
"2019-10-07",47.543999
"2019-10-08",48.009998
"2019-10-09",48.905998
"2019-10-10",48.948002
"2019-10-11",49.577999
"2019-10-14",51.391998
"2019-10-15",51.577999
"2019-10-16",51.950001
"2019-10-17",52.394001
"2019-10-18",51.389999
"2019-10-21",50.700001
"2019-10-22",51.116001
"2019-10-23",50.936001
"2019-10-24",59.936001
"2019-10-25",65.625999
"2019-10-28",65.542000
"2019-10-29",63.243999
"2019-10-30",63.001999
"2019-10-31",62.984001
"2019-11-01",62.661999
"2019-11-04",63.493999
"2019-11-05",63.444000
"2019-11-06",65.316002
"2019-11-07",67.108002
"2019-11-08",67.428001
"2019-11-11",69.017998
"2019-11-12",69.986000
"2019-11-13",69.222000
"2019-11-14",69.870003
"2019-11-15",70.433998
"2019-11-18",69.998001
"2019-11-19",71.903999
"2019-11-20",70.444000
"2019-11-21",70.966003
"2019-11-22",66.608002
"2019-11-25",67.267998
"2019-11-26",65.783997
"2019-11-27",66.258003
"2019-11-29",65.987999
"2019-12-02",66.973999
"2019-12-03",67.239998
"2019-12-04",66.606003
"2019-12-05",66.073997
"2019-12-06",67.178001
"2019-12-09",67.905998
"2019-12-10",69.767998
"2019-12-11",70.540001
"2019-12-12",71.935997
"2019-12-13",71.678001
"2019-12-16",76.300003
"2019-12-17",75.797997
"2019-12-18",78.629997
"2019-12-19",80.807999
"2019-12-20",81.117996
"2019-12-23",83.844002
"2019-12-24",85.050003
"2019-12-26",86.188004
"2019-12-27",86.075996
"2019-12-30",82.940002
"2019-12-31",83.666000
"2020-01-02",86.052002
"2020-01-03",88.601997
"2020-01-06",90.307999
"2020-01-07",93.811996
"2020-01-08",98.428001
"2020-01-09",96.267998
"2020-01-10",95.629997
"2020-01-13",104.972000
"2020-01-14",107.584000
"2020-01-15",103.699997
"2020-01-16",102.697998
"2020-01-17",102.099998
"2020-01-21",109.440002
"2020-01-22",113.912003
"2020-01-23",114.440002
"2020-01-24",112.963997
"2020-01-27",111.603996
"2020-01-28",113.379997
"2020-01-29",116.197998
"2020-01-30",128.162003
"2020-01-31",130.113998
"2020-02-03",156.000000
"2020-02-04",177.412003
"2020-02-05",146.940002
"2020-02-06",149.792007
"2020-02-07",149.613998
"2020-02-10",154.255997
"2020-02-11",154.876007
"2020-02-12",153.457993
"2020-02-13",160.800003
"2020-02-14",160.005997
"2020-02-18",171.679993
"2020-02-19",183.483994
"2020-02-20",179.882004
"2020-02-21",180.199997
"2020-02-24",166.757996
"2020-02-25",159.981995
"2020-02-26",155.759995
"2020-02-27",135.800003
"2020-02-28",133.598007
"2020-03-02",148.723999
"2020-03-03",149.102005
"2020-03-04",149.899994
"2020-03-05",144.908005
"2020-03-06",140.695999
"2020-03-09",121.599998
"2020-03-10",129.065994
"2020-03-11",126.846001
"2020-03-12",112.110001
"2020-03-13",109.323997
"2020-03-16",89.014000
"2020-03-17",86.040001
"2020-03-18",72.244003
"2020-03-19",85.528000
"2020-03-20",85.505997
"2020-03-23",86.858002
"2020-03-24",101.000000
"2020-03-25",107.849998
"2020-03-26",105.632004
"2020-03-27",102.872002
"2020-03-30",100.426003
"2020-03-31",104.800003
"2020-04-01",96.311996
"2020-04-02",90.893997
"2020-04-03",96.001999
"2020-04-06",103.248001
"2020-04-07",109.089996
"2020-04-08",109.767998
"2020-04-09",114.599998
"2020-04-13",130.190002
"2020-04-14",141.977997
"2020-04-15",145.966003
"2020-04-16",149.042007
"2020-04-17",150.778000
"2020-04-20",149.272003
"2020-04-21",137.343994
"2020-04-22",146.421997
"2020-04-23",141.126007
"2020-04-24",145.029999
"2020-04-27",159.750000
"2020-04-28",153.824005
"2020-04-29",160.102005
"2020-04-30",156.376007
"2020-05-01",140.264008
"2020-05-04",152.238007
"2020-05-05",153.641998
"2020-05-06",156.516006
"2020-05-07",156.007996
"2020-05-08",163.884003
"2020-05-11",162.257996
"2020-05-12",161.882004
"2020-05-13",158.192001
"2020-05-14",160.666000
"2020-05-15",159.834000
"2020-05-18",162.725998
"2020-05-19",161.602005
"2020-05-20",163.112000
"2020-05-21",165.520004
"2020-05-22",163.376007
"2020-05-26",163.774002
"2020-05-27",164.046005
"2020-05-28",161.162003
"2020-05-29",167.000000
"2020-06-01",179.619995
"2020-06-02",176.311996
"2020-06-03",176.591995
"2020-06-04",172.876007
"2020-06-05",177.132004
"2020-06-08",189.983994
"2020-06-09",188.134003
"2020-06-10",205.009995
"2020-06-11",194.567993
"2020-06-12",187.056000
"2020-06-15",198.179993
"2020-06-16",196.425995
"2020-06-17",198.358002
"2020-06-18",200.792007
"2020-06-19",200.179993
"2020-06-22",198.863998
"2020-06-23",200.356003
"2020-06-24",192.169998
"2020-06-25",197.195999
"2020-06-26",191.947998
"2020-06-29",201.869995
"2020-06-30",215.962006
"2020-07-01",223.925995
"2020-07-02",241.731995
"2020-07-06",274.316010
"2020-07-07",277.971985
"2020-07-08",273.175995
"2020-07-09",278.855988
"2020-07-10",308.929993
"2020-07-13",299.411987
"2020-07-14",303.359985
"2020-07-15",309.201996
"2020-07-16",300.127991
"2020-07-17",300.167999
"2020-07-20",328.600006
"2020-07-21",313.671997
"2020-07-22",318.466003
"2020-07-23",302.614014
"2020-07-24",283.399994
"2020-07-27",307.920013
"2020-07-28",295.298004
"2020-07-29",299.821991
"2020-07-30",297.497986
"2020-07-31",286.152008
"2020-08-03",297.000000
"2020-08-04",297.399994
"2020-08-05",297.003998
"2020-08-06",297.915985
"2020-08-07",290.541992
"2020-08-10",283.713989
"2020-08-11",274.877991
"2020-08-12",310.951996
"2020-08-13",324.200012
"2020-08-14",330.141998
"2020-08-17",367.127991
"2020-08-18",377.417999
"2020-08-19",375.705994
"2020-08-20",400.365997
"2020-08-21",409.996002
"2020-08-24",402.839996
"2020-08-25",404.667999
"2020-08-26",430.634003
"2020-08-27",447.750000
"2020-08-28",442.679993
"2020-08-31",498.320007
"2020-09-01",475.049988
"2020-09-02",447.369995
"2020-09-03",407.000000
"2020-09-04",418.320007
"2020-09-08",330.209991
"2020-09-09",366.279999
"2020-09-10",371.339996
"2020-09-11",372.720001
"2020-09-14",419.619995
"2020-09-15",449.760010
"2020-09-16",441.760010
"2020-09-17",423.429993
"2020-09-18",442.149994
"2020-09-21",449.390015
"2020-09-22",424.230011
"2020-09-23",380.359985
"2020-09-24",387.790009
"2020-09-25",407.339996
"2020-09-28",421.200012
"2020-09-29",419.070007
"2020-09-30",429.010010
"2020-10-01",448.160004
"2020-10-02",415.089996
"2020-10-05",425.679993
"2020-10-06",413.980011
"2020-10-07",425.299988
"2020-10-08",425.920013
"2020-10-09",434.000000
"2020-10-12",442.299988
"2020-10-13",446.649994
"2020-10-14",461.299988
"2020-10-15",448.880005
"2020-10-16",439.670013
"2020-10-19",430.829987
"2020-10-20",421.940002
"2020-10-21",422.640015
"2020-10-22",425.790009
"2020-10-23",420.630005
"2020-10-26",420.279999
"2020-10-27",424.679993
"2020-10-28",406.019989
"2020-10-29",410.829987
"2020-10-30",388.040009
"2020-11-02",400.510010
"2020-11-03",423.899994
"2020-11-04",420.980011
"2020-11-05",438.089996
"2020-11-06",429.950012
"2020-11-09",421.260010
"2020-11-10",410.359985
"2020-11-11",417.130005
"2020-11-12",411.760010
"2020-11-13",408.500000
"2020-11-16",408.089996
"2020-11-17",441.609985
"2020-11-18",486.640015
"2020-11-19",499.269989
"2020-11-20",489.609985
"2020-11-23",521.849976
"2020-11-24",555.380005
"2020-11-25",574.000000
"2020-11-27",585.760010
"2020-11-30",567.599976
"2020-12-01",584.760010
"2020-12-02",568.820007
"2020-12-03",593.380005
"2020-12-04",599.039978
"2020-12-07",641.760010
"2020-12-08",649.880005
"2020-12-09",604.479980
"2020-12-10",627.070007
"2020-12-11",609.989990
"2020-12-14",639.830017
"2020-12-15",633.250000
"2020-12-16",622.770020
"2020-12-17",655.900024
"2020-12-18",695.000000
"2020-12-21",649.859985
"2020-12-22",640.340027
"2020-12-23",645.979980
"2020-12-24",661.770020
"2020-12-28",663.690002
"2020-12-29",665.989990
"2020-12-30",694.780029
"2020-12-31",705.669983
"2021-01-04",729.770020
"2021-01-05",735.109985
"2021-01-06",755.979980
"2021-01-07",816.039978
"2021-01-08",880.020020
"2021-01-11",811.190002
"2021-01-12",849.440002
"2021-01-13",854.409973
"2021-01-14",845.000000
"2021-01-15",826.159973
"2021-01-19",844.549988
"2021-01-20",850.450012
"2021-01-21",844.989990
"2021-01-22",846.640015
"2021-01-25",880.799988
"2021-01-26",883.090027
"2021-01-27",864.159973
"2021-01-28",835.429993
"2021-01-29",793.530029
"2021-02-01",839.809998
"2021-02-02",872.789978
"2021-02-03",854.690002
"2021-02-04",849.989990
"2021-02-05",852.229980
"2021-02-08",863.419983
"2021-02-09",849.460022
"2021-02-10",804.820007
"2021-02-11",811.659973
"2021-02-12",816.119995
"2021-02-16",796.219971
"2021-02-17",798.150024
"2021-02-18",787.380005
"2021-02-19",781.299988
"2021-02-22",714.500000
"2021-02-23",698.840027
"2021-02-24",742.020020
"2021-02-25",682.219971
"2021-02-26",675.500000
"2021-03-01",718.429993
"2021-03-02",686.440002
"2021-03-03",653.200012
"2021-03-04",621.440002
"2021-03-05",597.950012
"2021-03-08",563.000000
"2021-03-09",673.580017
"2021-03-10",668.059998
"2021-03-11",699.599976
"2021-03-12",693.729980
"2021-03-15",707.940002
"2021-03-16",676.880005
"2021-03-17",701.809998
"2021-03-18",653.159973
"2021-03-19",654.869995
"2021-03-22",670.000000
"2021-03-23",662.159973
"2021-03-24",630.270020
"2021-03-25",640.390015
"2021-03-26",618.710022
"2021-03-29",611.289978
"2021-03-30",635.619995
"2021-03-31",667.929993
"2021-04-01",661.750000
"2021-04-05",691.049988
"2021-04-06",691.619995
"2021-04-07",670.969971
"2021-04-08",683.799988
"2021-04-09",677.020020
"2021-04-12",701.979980
"2021-04-13",762.320007
"2021-04-14",732.229980
"2021-04-15",738.849976
"2021-04-16",739.780029
"2021-04-19",714.630005
"2021-04-20",718.989990
"2021-04-21",744.119995
"2021-04-22",719.690002
"2021-04-23",729.400024
"2021-04-26",738.200012
"2021-04-27",704.739990
"2021-04-28",694.400024
"2021-04-29",677.000000
"2021-04-30",709.440002
"2021-05-03",684.900024
"2021-05-04",673.599976
"2021-05-05",670.940002
"2021-05-06",663.539978
"2021-05-07",672.369995
"2021-05-10",629.039978
"2021-05-11",617.200012
"2021-05-12",589.890015
"2021-05-13",571.690002
"2021-05-14",589.739990
"2021-05-17",576.830017
"2021-05-18",577.869995
"2021-05-19",563.460022
"2021-05-20",586.780029
"2021-05-21",580.880005
"2021-05-24",606.440002
"2021-05-25",604.690002
"2021-05-26",619.130005
"2021-05-27",630.849976
"2021-05-28",625.219971
"2021-06-01",623.900024
"2021-06-02",605.119995
"2021-06-03",572.840027
"2021-06-04",599.049988
"2021-06-07",605.130005
"2021-06-08",603.590027
"2021-06-09",598.780029
"2021-06-10",610.119995
"2021-06-11",609.890015
"2021-06-14",617.690002
"2021-06-15",599.359985
"2021-06-16",604.869995
"2021-06-17",616.599976
"2021-06-18",623.309998
"2021-06-21",620.830017
"2021-06-22",623.710022
"2021-06-23",656.570007
"2021-06-24",679.820007
"2021-06-25",671.869995
"2021-06-28",688.719971
"2021-06-29",680.760010
"2021-06-30",679.700012
"2021-07-01",677.919983
"2021-07-02",678.900024
"2021-07-06",659.580017
"2021-07-07",644.650024
"2021-07-08",652.809998
"2021-07-09",656.950012
"2021-07-12",685.700012
"2021-07-13",668.539978
"2021-07-14",653.380005
"2021-07-15",650.599976
"2021-07-16",644.219971
"2021-07-19",646.219971
"2021-07-20",660.500000
"2021-07-21",655.289978
"2021-07-22",649.260010
"2021-07-23",643.380005
"2021-07-26",657.619995
"2021-07-27",644.780029
"2021-07-28",646.979980
"2021-07-29",677.349976
"2021-07-30",687.200012
"2021-08-02",709.669983
"2021-08-03",709.739990
"2021-08-04",710.919983
"2021-08-05",714.630005
"2021-08-06",699.099976
"2021-08-09",713.760010
"2021-08-10",709.989990
"2021-08-11",707.820007
"2021-08-12",722.250000
"2021-08-13",717.169983
"2021-08-16",686.169983
"2021-08-17",665.710022
"2021-08-18",688.989990
"2021-08-19",673.469971
"2021-08-20",680.260010
"2021-08-23",706.299988
"2021-08-24",708.489990
"2021-08-25",711.200012
"2021-08-26",701.159973
"2021-08-27",711.919983
"2021-08-30",730.909973
"2021-08-31",735.719971
"2021-09-01",734.090027
"2021-09-02",732.390015
"2021-09-03",733.570007
"2021-09-07",752.919983
"2021-09-08",753.869995
"2021-09-09",754.859985
"2021-09-10",736.270020
"2021-09-13",743.000000
"2021-09-14",744.489990
"2021-09-15",755.830017
"2021-09-16",756.989990
"2021-09-17",759.489990
"2021-09-20",730.169983
"2021-09-21",739.380005
"2021-09-22",751.940002
"2021-09-23",753.640015
"2021-09-24",774.390015
"2021-09-27",791.359985
"2021-09-28",777.559998
"2021-09-29",781.309998
"2021-09-30",775.479980
"2021-10-01",775.219971
"2021-10-04",781.530029
"2021-10-05",780.590027
"2021-10-06",782.750000
"2021-10-07",793.609985
"2021-10-08",785.489990
"2021-10-11",791.940002
"2021-10-12",805.719971
"2021-10-13",811.080017
"2021-10-14",818.320007
"2021-10-15",843.030029
"2021-10-18",870.109985
"2021-10-19",864.270020
"2021-10-20",865.799988
"2021-10-21",894.000000
"2021-10-22",909.679993
"2021-10-25",1024.859985
"2021-10-26",1018.429993
"2021-10-27",1037.859985
"2021-10-28",1077.040039
"2021-10-29",1114.000000
"2021-11-01",1208.589966
"2021-11-02",1172.000000
"2021-11-03",1213.859985
"2021-11-04",1229.910034
"2021-11-05",1222.089966
"2021-11-08",1162.939941
"2021-11-09",1023.500000
"2021-11-10",1067.949951
"2021-11-11",1063.510010
"2021-11-12",1033.420044
"2021-11-15",1013.390015
"2021-11-16",1054.729980
"2021-11-17",1089.010010
"2021-11-18",1096.380005
"2021-11-19",1137.060059
"2021-11-22",1156.869995
"2021-11-23",1109.030029
"2021-11-24",1116.000000
"2021-11-26",1081.920044
"2021-11-29",1136.989990
"2021-11-30",1144.760010
"2021-12-01",1095.000000
"2021-12-02",1084.599976
"2021-12-03",1014.969971
"2021-12-06",1009.010010
"2021-12-07",1051.750000
"2021-12-08",1068.959961
"2021-12-09",1003.799988
"2021-12-10",1017.030029
"2021-12-13",966.409973
"2021-12-14",958.510010
"2021-12-15",975.989990
"2021-12-16",926.919983
"2021-12-17",932.570007
"2021-12-20",899.940002
"2021-12-21",938.530029
"2021-12-22",1008.869995
"2021-12-23",1067.000000
"2021-12-27",1093.939941
"2021-12-28",1088.469971
"2021-12-29",1086.189941
"2021-12-30",1070.339966
"2021-12-31",1056.780029
"2022-01-03",1199.780029
"2022-01-04",1149.589966
"2022-01-05",1088.119995
"2022-01-06",1064.699951
"2022-01-07",1026.959961
"2022-01-10",1058.119995
"2022-01-11",1064.400024
"2022-01-12",1106.219971
"2022-01-13",1031.560059
"2022-01-14",1049.609985
"2022-01-18",1030.510010
"2022-01-19",995.650024
"2022-01-20",996.270020
"2022-01-21",943.900024
"2022-01-24",930.000000
"2022-01-25",918.400024
"2022-01-26",937.409973
"2022-01-27",829.099976
"2022-01-28",846.349976
"2022-01-31",936.719971
"2022-02-01",931.250000
"2022-02-02",905.659973
"2022-02-03",891.140015
"2022-02-04",923.320007
"2022-02-07",907.340027
"2022-02-08",922.000000
"2022-02-09",932.000000
"2022-02-10",904.549988
"2022-02-11",860.000000
"2022-02-14",875.760010
"2022-02-15",922.429993
"2022-02-16",923.390015
"2022-02-17",876.349976
"2022-02-18",856.979980
"2022-02-22",821.530029
"2022-02-23",764.039978
"2022-02-24",800.770020
"2022-02-25",809.869995
"2022-02-28",870.429993
"2022-03-01",864.369995
"2022-03-02",879.890015
"2022-03-03",839.289978
"2022-03-04",838.289978
"2022-03-07",804.580017
"2022-03-08",824.400024
"2022-03-09",858.969971
"2022-03-10",838.299988
"2022-03-11",795.349976
"2022-03-14",766.369995
"2022-03-15",801.890015
"2022-03-16",840.229980
"2022-03-17",871.599976
"2022-03-18",905.390015
"2022-03-21",921.159973
"2022-03-22",993.979980
"2022-03-23",999.109985
"2022-03-24",1013.919983
